tag,n_pair,mean,t_p,med,wilcox_p,worse,sign_p,q10,q90,dJ_typ,dJ_tail,succ_pol,succ_ref,n_all,mcnemar_p
R1 vs k13 L250 n500,475,21.939168235377263,1.9619460320921474e-08,26.301101684570312,3.27664240598416e-19,346,5.8783876865730016e-24,-53.80976562499999,101.03297729492189,60.50400200210699,-139.46060434977213,500,475,500,5.960464477539063e-08
R1 vs k14 L250 n500,461,15.611581417588503,0.000850387271383303,27.5811767578125,1.0835856186518682e-15,325,6.47021357933459e-19,-69.79702758789062,98.102294921875,59.83449078844739,-185.56075552235478,500,461,500,3.637978807091713e-12
R1 vs k16 L250 n500,449,16.060891166296198,0.00013381994275128825,25.4849853515625,1.2073378911476348e-11,316,2.9692353050686504e-18,-77.67887268066406,96.11096496582029,60.402433471679686,-159.0627176920573,500,449,500,8.881784197001252e-16
R1 vs k18 L250 n500,431,-4.390179645157747,0.3422652219863741,13.549240112304716,0.13264101840185866,251,0.0007285436637669438,-124.50572204589844,90.21676635742188,51.159240122194646,-202.96788947526798,500,431,500,3.3881317890172014e-21
R1 vs k12 L250 n500,460,26.115843233854875,3.0141770193563893e-12,27.167129516601562,9.181548378020087e-23,336,1.2058877804882384e-23,-41.79473876953125,102.56113510131837,57.97369537353516,-95.328555231509,500,460,500,1.8189894035458565e-12
R1 vs k13 L500 n500,463,65.84596476544571,1.0059169650569825e-15,67.26873779296875,6.623489585758541e-48,411,2.4742911157338855e-70,-9.692596435546895,140.2021606445313,100.68918228149414,-115.69132378760804,499,464,500,5.529727786779404e-10
R1 vs k14 L500 n500,448,74.82417159421104,2.3244065975359536e-12,68.26551818847658,5.485057254937395e-49,395,9.937312086388637e-66,-11.22030639648436,141.54515380859377,128.74728996413094,-132.20530836317275,499,449,500,2.353672812205332e-14
R1 vs k16 L500 n500,424,73.47979968448855,2.141162754190144e-12,63.453025817871094,3.4304485192822483e-43,358,1.266380755887296e-49,-21.47351531982423,141.80599212646482,108.96940817922916,-17.652756092160246,499,425,500,2.0381730293306602e-21
R1 vs k18 L500 n500,453,34.91190744025292,0.0005375180079404938,43.2799835205078,1.2507570954816167e-09,316,2.337766860714697e-17,-128.9326538085937,120.22837829589847,82.74495256734839,-188.7422674427862,499,454,500,6.821210263296962e-13
R1 vs k12 L500 n500,454,75.69058227539062,1.2503589727900014e-12,68.17547607421875,5.168847476563192e-52,405,8.578545798916406e-71,-3.656132507324214,147.9839859008789,114.32827584018791,-107.13389487888502,499,455,500,1.3358203432289883e-12
C1 vs k13 L250 n500,474,-7.854885503712585,0.06167517084215797,-1.691680908203125,0.23144468867374668,232,0.6793698263020792,-87.89490203857422,72.79589385986327,33.07051717379928,-177.65475145975748,499,475,500,8.046627044677734e-07
C1 vs k14 L250 n500,460,-15.565061502871306,0.00112968505482352,-3.466094970703132,0.010994645766663456,216,0.20802512690228317,-81.56457366943359,61.269364929199256,29.085149483058764,-214.4132141444994,499,461,500,7.457856554538012e-11
C1 vs k16 L250 n500,448,-13.491531712668282,0.0016389813595775319,-4.832275390625,0.0022962554326906096,203,0.05261568145423314,-110.19486083984373,65.94931030273438,31.63339604650225,-185.00656212700738,499,449,500,2.353672812205332e-14
C1 vs k18 L250 n500,430,-31.325859992448674,3.4676654887899245e-10,-17.67536163330078,2.789166232967257e-09,178,0.0004183531290986719,-156.08709945678712,63.32935256958008,27.204510249647985,-234.16266401423965,499,431,500,1.2027867851011065e-19
C1 vs k12 L250 n500,459,-3.756659613715277,0.36087061371849705,-1.887176513671875,0.2409797430354117,224,0.6407191959294393,-83.54914855957033,76.48633117675777,31.807566269584324,-154.8771805141283,499,460,500,3.8198777474462986e-11
C1 vs k13 L500 n500,462,46.56192739907797,3.337828072659228e-13,39.525024414062486,3.335056119117373e-29,363,1.8532746018925277e-36,-44.12076263427731,151.5384216308594,84.78999705128855,-130.54412549607298,498,464,500,5.398760549724102e-09
C1 vs k14 L500 n500,447,52.76698175212681,2.457477186642241e-13,41.686767578125,2.3672391061132215e-34,353,2.4438877363374774e-36,-29.630883789062533,151.81388549804697,89.05414271354675,-125.40740831163194,498,449,500,3.1796787425264483e-13
C1 vs k16 L500 n500,423,43.19394496259396,1.0346569559845322e-13,35.564346313476534,1.5793756194478905e-25,315,1.4380815022548445e-24,-38.65567626953123,139.61700439453125,77.07214294289643,-71.65966619447221,498,425,500,3.975760896174872e-20
C1 vs k18 L500 n500,453,12.777864199337317,0.07560897360929707,19.99269104003909,0.014642732260792966,270,5.0743493708625006e-05,-160.55616455078126,139.59702758789058,84.2275840994545,-215.13903476880944,498,454,500,1.3358203432289883e-12
C1 vs k12 L500 n500,453,48.98592836493688,5.5844384881098787e-14,38.0029296875,3.1186342078054243e-36,357,2.1991384606646758e-36,-31.18927307128904,150.27604370117186,87.47473030258381,-113.63615981392239,498,455,500,1.6044054973463062e-11
C1 vs k7(.65N) N10,30,-67.22912928263347,0.0005987851352084599,-48.365928649902344,0.0008718203753232956,8,0.016124801710247997,-197.83557128906247,25.439311218261718,-5.1393402099609435,-270.58860778808594,32,30,32,0.5
R1 vs k7(.65N) N10,30,-29.34606018066407,0.128059586212506,-3.3142013549805114,0.308520769700408,15,1.0,-153.85185546875,82.2107177734375,44.77527058919271,-229.81924947102868,32,30,32,0.5
C1 vs k26(.65N) N40,30,28.000725555419923,0.2538686516507884,22.632690429687486,0.007612137123942375,23,0.005222879350185395,-24.795153808593756,125.70060729980473,69.87251637776693,-216.78070576985678,32,30,32,0.5
R1 vs k26(.65N) N40,30,37.1120974222819,0.05893945714178755,47.0869140625,0.00020912662148475647,26,5.9476122260093696e-05,-4.395433044433609,115.30575714111326,73.50963592529297,-178.0887908935547,32,30,32,0.5
C1 vs k12 L375 extrap,26,1.4144586416391183,0.9043084270368331,3.3729400634765625,0.6348496079444885,17,0.16863754391670227,-60.01786041259764,47.00878906249997,28.172538170447712,-95.72999064127605,32,26,32,0.03125
R1 vs k12 L375 extrap,26,52.749616182767426,0.0002975750665588149,54.97794342041017,0.00032070279121398926,20,0.009355306625366211,-26.83758544921878,136.18894958496094,80.84340491661659,-2.3501637776692803,32,26,32,0.03125
A60 vs k12 L375 extrap,25,45.21227661132812,0.19812104386880636,12.799591064453153,0.17295855283737183,16,0.2295229434967041,-37.241137695312474,100.63574829101572,100.07371051494891,-51.011205037434905,31,26,32,0.125
C1 vs k12 L750 extrap,23,84.3516447647758,0.09305443597009389,77.11915588378903,0.002726316452026367,21,6.604194641113281e-05,10.018316650390632,117.02079467773437,159.85516103108725,-186.46990966796875,29,26,32,0.5078125
R1 vs k12 L750 extrap,26,98.52495927077074,0.0015393379552535128,133.34369659423828,0.0011651217937469482,23,8.797645568847656e-05,-62.35284423828125,202.03747558593753,156.1130852332482,-224.23983764648438,32,26,32,0.03125
A60 vs k12 L750 extrap,26,174.79315772423377,5.08511195656499e-07,194.17955780029294,5.036592483520508e-06,24,1.049041748046875e-05,32.39315795898435,316.4822540283203,247.94350844163162,-78.47001139322917,32,26,32,0.03125
